module,legacy_route,mapped_current_route,legacy_fields,current_fields,matched_fields,match_percent,status,missing_sample
"Audit","/audit/auditSearch","","0","0","0","100","MISSING_ROUTE",""
"Imports","/bulkImport/clients/addBranches","","1","0","0","0","MISSING_ROUTE","file"
"Imports","/bulkImport/clients/addClients","","1","0","0","0","MISSING_ROUTE","file"
"Imports","/bulkImport/guards/addBankDetailsBulkImport","","1","0","0","0","MISSING_ROUTE","file"
"Imports","/bulkImport/guards/addEmploymentHistoryBulkImport","","1","0","0","0","MISSING_ROUTE","file"
"Imports","/bulkImport/guards/addFamilyBulkImport","","1","0","0","0","MISSING_ROUTE","file"
"Imports","/bulkImport/guards/addJudicialCasesBulkImport","","1","0","0","0","MISSING_ROUTE","file"
"Imports","/bulkImport/guards/addLoanDetailsBulkImport","","2","0","0","0","MISSING_ROUTE","Month of Deployment | file"
"Imports","/bulkImport/guards/addNearestRelativeBulkImport","","1","0","0","0","MISSING_ROUTE","file"
"Imports","/bulkImport/guards/addPledgedDocumentBulkImport","","1","0","0","0","MISSING_ROUTE","file"
"Imports","/bulkImport/guards/addVerificationsBulkImport","","1","0","0","0","MISSING_ROUTE","file"
"Imports","/bulkImport/guards/markAttendanceBulkImport","","1","0","0","0","MISSING_ROUTE","file"
"Imports","/bulkImport/inventory/inventoryBulkAssignPage","","1","0","0","0","MISSING_ROUTE","file"
"Imports","/bulkImport/inventory/inventoryBulkImportPage","","1","0","0","0","MISSING_ROUTE","file"
"Imports","/bulkImport/inventory/inventoryBulkUpdatePage","","1","0","0","0","MISSING_ROUTE","file"
"Imports","/bulkImport/users/addUserBulkImport","","1","0","0","0","MISSING_ROUTE","file"
"Clients","/client/blackListedClients","/clients/blacklist","0","0","0","100","NO_LEGACY_FIELDS_DETECTED",""
"Clients","/client/clientInsuranceSettings","","0","0","0","100","MISSING_ROUTE",""
"Clients","/client/create","/clients/new","0","51","0","100","NO_LEGACY_FIELDS_DETECTED",""
"Clients","/client/exportClientBranches","/clients/export-branches","0","0","0","100","NO_LEGACY_FIELDS_DETECTED",""
"Clients","/client/invoicePrerequisites","/clients/invoice-prerequisites","0","0","0","100","NO_LEGACY_FIELDS_DETECTED",""
"Clients","/client/invoicedBillings","/clients/invoiced-billings","0","0","0","100","NO_LEGACY_FIELDS_DETECTED",""
"Clients","/client/searchResult","/clients/search","0","0","0","100","NO_LEGACY_FIELDS_DETECTED",""
"Clients","/client/typeList","/clients/types-locations","0","0","0","100","NO_LEGACY_FIELDS_DETECTED",""
"Clients","/client/v2/search","/clients/search-v2","0","0","0","100","NO_LEGACY_FIELDS_DETECTED",""
"Guards","/guard/GuardDeployment","/guards/deploy","33","14","9","27.3","LOW_COVERAGE","check_deploy | region_id_on_user_profile | client_id_on_user_profile | branch_id_on_user_profile | Deploy as | Select Guard | Guard's Name | Guard's Designations | Guard's Type | Deployment Date | Guard Deployment Status* | shift | isExtra | currentDayNight | currentRegularOvertime | currentDeploymentStartDate | Add Comment | branch_id | guard_id | client_id | shift_day | shift_night | regular | del"
"Guards","/guard/GuardDeploymentRate","/guards/deployments-rate","10","14","5","50","PARTIAL","region_id_on_user_profile | client_id_on_user_profile | branch_id_on_user_profile | deployGuardAsDesignation[] | exService"
"Guards","/guard/acceptedRejectedByCol","","2","0","0","0","MISSING_ROUTE","status_by_col_name | comment_by_col"
"Guards","/guard/accountBulkExportUnpaid","/payroll/reports","0","0","0","100","NO_LEGACY_FIELDS_DETECTED",""
"Guards","/guard/accountClearance","/payroll/operations/clearance","10","0","0","0","LOW_COVERAGE","Secure Ops ID * | Guard Name | Status | Type | Current Location | Loan | Month * | Other Deduction | Payment Date * | Slip Number *"
"Guards","/guard/accountClearanceExport","/payroll/reports","0","0","0","100","NO_LEGACY_FIELDS_DETECTED",""
"Guards","/guard/accountLoan","/payroll/operations/loan","31","0","0","0","LOW_COVERAGE","Month * | Parwest ID * - | Name | Phone Number | Client | Branch Name | Days | Double Duty Days | Current Supervisor | guards_current_supervisor_id | Current Manager | current_manager_id | Amount paid (payable amount : )* | payable_loan | Date of payment* | guards_client | guards_branch | Slip Number * | guards_supervisor_loaned | payment_method | bankNames | accountNumbers | upload Image * | client_hidden | branch_hidden | Secure Ops ID * | Current Location * | edit_guards_client | edit_guards_branch | salary_month"
"Guards","/guard/accountSalary","/payroll/operations/salary-v2","5","3","1","20","LOW_COVERAGE","_token | regions | client_id | branch_id"
"Guards","/guard/accountSalaryExport","/payroll/reports","4","0","0","0","LOW_COVERAGE","Month * | region | manager[] | supervisor[]"
"Guards","/guard/accountSalaryExportUnpaid","/payroll/reports","7","0","0","0","LOW_COVERAGE","Secure Ops ID * | Guard Name | Status | Type | Current Location | Month * | SALARY Status"
"Guards","/guard/accountUnPaid","/payroll/operations/unpaid-salaries","6","3","0","0","LOW_COVERAGE","Parwest ID * | Name | Salary Status | Date * | Change Status * | Remarks *"
"Guards","/guard/attendance","/guards/attendance","3","10","1","33.3","LOW_COVERAGE","Secure Ops ID | Strat Date*"
"Guards","/guard/blackListedGuards","/guards/blacklist","1","3","0","0","LOW_COVERAGE","Cnic #"
"Guards","/guard/bulk-salary-slip","/payroll/operations/bulk-salary-slips","17","3","0","0","LOW_COVERAGE","salary_month | salary_file | Earnings | Select All | Basic Salary | Working Days | Paid Working Days | Overtime / Hours | Gazetted Holidays | Arrears | Deductions | Advance Salary | EOBI | Mess Deduction | Special Branch | APSAA Training | Absence Penalty"
"Guards","/guard/clientAttendance","/guards/client-attendance","5","5","2","40","PARTIAL","edit_regional_office | selected_client | client_branches"
"Guards","/guard/create","/guards/new","57","68","12","21.1","LOW_COVERAGE","_token | Cnic # | parwest_shortname | parwest_shortname_hidden | Full Name * | Contact # (Format: +92-300-1234567) * | PASSPORT # | Passport Expiry Date | SECT * | CAST * | designation (Type) | Salary * | Police Station * | Blood Group | ex | other | Registration No | Unit | Service Period | army_service_period_hidden | years | army_service_years_hidden | months | army_service_months_hidden | DD-MM-YYYY | Remarks | Current Residential Address * | Current Address Contact No * | Permanent Residential Address * | Permanent Address Contact No *"
"Guards","/guard/guardAgeLimitForm","/payroll/settings","0","0","0","100","NO_LEGACY_FIELDS_DETECTED",""
"Guards","/guard/guardBankNames","/settings/guard-bank-names","0","0","0","100","NO_LEGACY_FIELDS_DETECTED",""
"Guards","/guard/guardMentalHealthForm","/payroll/settings","0","0","0","100","NO_LEGACY_FIELDS_DETECTED",""
"Guards","/guard/guardPledgeableDocumentTypeList","/settings/guard-pledgeable-documents","0","0","0","100","NO_LEGACY_FIELDS_DETECTED",""
"Guards","/guard/mergedOptions","","0","0","0","100","MISSING_ROUTE",""
"Guards","/guard/monthInitialise","/payroll/settings","0","0","0","100","NO_LEGACY_FIELDS_DETECTED",""
"Guards","/guard/onjob-training-intervals","","0","0","0","100","MISSING_ROUTE",""
"Guards","/guard/onjob-trainings","/guards/trainings","10","14","2","20","LOW_COVERAGE","regional_office_id | client_id | branch_id | Armorer | Yes | No | _token | _method"
"Guards","/guard/onjob-trainings-v2","/guards/trainings","7","14","2","28.6","LOW_COVERAGE","regional_office_id | client_id | branch_id | _token | _method"
"Guards","/guard/payrollDefaults","/payroll/settings","0","0","0","100","NO_LEGACY_FIELDS_DETECTED",""
"Guards","/guard/payrollExtraHours","/payroll/operations/extra-hours","11","4","1","9.1","LOW_COVERAGE","Secure Ops ID | Guard Name | Status | Type | Current Location | extrahour_guards_client | extrahour_guards_branch | unique_id | edit_extrahour_guards_client | edit_extrahour_guards_branch"
"Guards","/guard/payrollHolidays","/payroll/operations/holidays","11","0","0","0","LOW_COVERAGE","Regional Offices | from_date | to_date | Fixed per day amount | Multiple of location Rate | Value | Status | comments | unique_id | edit_from_date | edit_to_date"
"Guards","/guard/payrollOtherDeductions","/payroll/operations/other-deductions","8","4","1","12.5","LOW_COVERAGE","Secure Ops ID | Guard Name | Status | Type | Current Location | Dated | unique_id"
"Guards","/guard/payrollSpecialDuty","/payroll/operations/special-duty","20","6","0","0","LOW_COVERAGE","parwest_id | special_duty_guard_name | special_duty_guard_type | special_duty_guard_status | special_duty_from_date | special_duty_to_date | special_duty_hours | special_duty_hour_rate | special_duty_remarks | special_duty | unique_id | edit_parwest_id | edit_guard_name | edit_guard_type | edit_guard_status | edit_special_duty_from_date | edit_special_duty_to_date | edit_hour | edit_special_duty_hour_rate | edit_special_duty_remarks"
"Guards","/guard/regionalOffices","/settings/offices","0","0","0","100","NO_LEGACY_FIELDS_DETECTED",""
"Guards","/guard/residences","/guards/residences","7","8","4","57.1","PARTIAL","Show 102550100 entries | _token | Select Supervisor"
"Guards","/guard/residences/assign","/guards/assign-residence","11","10","3","27.3","LOW_COVERAGE","check_deploy | supervisor_id_on_user_profile | residence_id | Guard's Name | Guard's Designations | Guard's Type | Revoke Date | comment"
"Guards","/guard/salarySummary","/payroll/reports","3","0","0","0","LOW_COVERAGE","_token | salary_month | regional_office"
"Guards","/guard/search","/guards/search","22","23","10","45.5","PARTIAL","Parwest ID | Name | CNIC# | Phone Number | Select Education | Select Relegion | Select Status | client_id | supervisor_id | isOverstaying | isOnNightDuty | isArchived"
"Guards","/guard/softDeletedGuardList","/guards/inactive","0","0","0","100","NO_LEGACY_FIELDS_DETECTED",""
"Guards","/guard/status-update","","0","0","0","100","MISSING_ROUTE",""
"Inventory","/inventory/assignProductFormNew","/inventory/assign-item","0","6","0","100","NO_LEGACY_FIELDS_DETECTED",""
"Inventory","/inventory/categoryList","/inventory/categories","0","0","0","100","NO_LEGACY_FIELDS_DETECTED",""
"Inventory","/inventory/condemnedItems","/inventory/condemned","0","0","0","100","NO_LEGACY_FIELDS_DETECTED",""
"Inventory","/inventory/conditionList","/inventory/conditions","0","0","0","100","NO_LEGACY_FIELDS_DETECTED",""
"Inventory","/inventory/createProduct","/inventory/stock-in","0","17","0","100","NO_LEGACY_FIELDS_DETECTED",""
"Inventory","/inventory/dashboard","/inventory","0","0","0","100","NO_LEGACY_FIELDS_DETECTED",""
"Inventory","/inventory/demandInventoryForm","/inventory/demand","0","0","0","100","NO_LEGACY_FIELDS_DETECTED",""
"Inventory","/inventory/inventory-report","","0","0","0","100","MISSING_ROUTE",""
"Inventory","/inventory/searchCustom","/inventory/search","0","0","0","100","NO_LEGACY_FIELDS_DETECTED",""
"Inventory","/inventory/vendorList","/inventory/vendors","0","0","0","100","NO_LEGACY_FIELDS_DETECTED",""
"Dashboard","/map","/dashboard","0","0","0","100","NO_LEGACY_FIELDS_DETECTED",""
"Settings/System","/prerequisites","/guards/prerequisites","0","3","0","100","NO_LEGACY_FIELDS_DETECTED",""
"Settings/System","/regions","/settings/regions","0","0","0","100","NO_LEGACY_FIELDS_DETECTED",""
"Reports","/reports/client-branch-deactive-report","","3","0","0","0","MISSING_ROUTE","start_date | end_date | report_format"
"Reports","/reports/client-summary","","1","0","0","0","MISSING_ROUTE","region"
"Reports","/reports/clientEnrolledreports","","5","0","0","0","MISSING_ROUTE","_token | Start Date | End Date | regional_office | branches_types"
"Reports","/reports/clients/client-branch-increase-decrease-report","","3","0","0","0","MISSING_ROUTE","start_date | end_date | report_format"
"Reports","/reports/dailyUserReport","","4","0","0","0","MISSING_ROUTE","_token | Select Date | regional_office | users"
"Reports","/reports/dailydeploymentreport","","9","0","0","0","MISSING_ROUTE","_token | Select Date | regional_office | clients | branches | supervisors | managers | users | report_type"
"Reports","/reports/dayNightDutyGuards","","8","0","0","0","MISSING_ROUTE","_token | Start Date | End Date | regional_office | client_types | clients | branches | report_type"
"Reports","/reports/finalized-paid-loan","","3","0","0","0","MISSING_ROUTE","_token | month | regional_office_id"
"Reports","/reports/guardDeploymentreports","","8","0","0","0","MISSING_ROUTE","_token | Start Date | End Date | regional_office | client_types | branches_types | clients | branches"
"Reports","/reports/guardEnrolledreports","","4","0","0","0","MISSING_ROUTE","_token | Start Date | End Date | regional_office"
"Reports","/reports/guards","","16","0","0","0","MISSING_ROUTE","client | branch | startDate | endDate | _token | Start Date | End Date | regional_office | guards_status | is_resident | report_format | verification | verification_status | regional_office_veri | guards_status_veri | report_format_veri"
"Reports","/reports/managers-supervisors-guards","","0","0","0","100","MISSING_ROUTE",""
"Reports","/reports/scheduledreports","","7","0","0","0","MISSING_ROUTE","_token | frequency[] | regions[] | recipients[] | categories[] | mgrs[] | priorities[]"
"Reports","/reports/shortdeployment","","0","0","0","100","MISSING_ROUTE",""
"Reports","/reports/unassignguards","","0","0","0","100","MISSING_ROUTE",""
"Payroll","/salary-v2","/payroll/operations/salary-v2","4","3","1","25","LOW_COVERAGE","Salary Month * | Regional Office | select-all-branches"
"Payroll","/searchByDataTable","","0","0","0","100","MISSING_ROUTE",""
"Ticketing","/ticket","/tickets","0","2","0","100","NO_LEGACY_FIELDS_DETECTED",""
"Users","/user/allUserTypes","/settings/user-types","0","0","0","100","NO_LEGACY_FIELDS_DETECTED",""
"Users","/user/assignClientsBranchToSupervisorForm","/users/cs-relationship","0","0","0","100","NO_LEGACY_FIELDS_DETECTED",""
"Users","/user/assignManagerToSupervisorForm","/users/ms-relationship","0","0","0","100","NO_LEGACY_FIELDS_DETECTED",""
"Users","/user/create","/users/new","0","0","0","100","NO_LEGACY_FIELDS_DETECTED",""
"Users","/user/guardVerificationStatusesList","","0","0","0","100","MISSING_ROUTE",""
"Users","/user/guardVerificationTypesList","","0","0","0","100","MISSING_ROUTE",""
"Users","/user/onlineUsers","/dashboard/online-users","0","0","0","100","NO_LEGACY_FIELDS_DETECTED",""
"Users","/user/profile","","33","0","0","0","MISSING_ROUTE","client_id_on_user_profile | branch_id_on_user_profile | guard_designation_list | non_deployed_guard_id_on_user_profile | shift | isExtra | user_id | userPersonalInformationModelId | Contact Number (+92-300-1234567) | Address | Skype Address | dashboard_option[1] | dashboard_option[2] | dashboard_option[3] | dashboard_option[4] | dashboard_option[5] | dashboard_option[6] | dashboard_option[7] | dashboard_option[8] | dashboard_option[9] | dashboard_option[10] | dashboard_option[11] | dashboard_option[12] | dashboard_option[13] | dashboard_option[14] | dashboard_option[15] | dashboard_option[16] | dashboard_option[17] | dashboard_option[18] | user_id_on_password_update_form"
"Users","/user/searchForm","/users/search","0","0","0","100","NO_LEGACY_FIELDS_DETECTED",""
"Users","/user/switchManagerForm","/users/switch-supervisor","0","6","0","100","NO_LEGACY_FIELDS_DETECTED",""
"Users","/user/updateLogos","","0","0","0","100","MISSING_ROUTE",""